stimulus,target,lgb_sklearn_corr,lgb_sm_corr,sklearn_sm_corr
control,Aesthetic_Appeal,,0.06969173916511556,
control,Creativity,,0.197811142894545,
control,Moved,,0.01821468304838261,
control,Originality,,-0.011507670570970657,
control,Vivid_Imagery,,0.09157332792016695,
haiku,Aesthetic_Appeal,,0.20691606228900328,
haiku,Creativity,,0.13226194274368516,
haiku,Moved,,0.23219015917072738,
haiku,Originality,,0.1449786357282896,
haiku,Vivid_Imagery,,0.23230332735995352,
senryu,Aesthetic_Appeal,,0.1526821069118356,
senryu,Creativity,,0.27721623235076814,
senryu,Moved,,0.274203609438691,
senryu,Originality,,0.2586534747643026,
senryu,Vivid_Imagery,,0.07863155816934557,
