,kappa_score,kappa_score,roc_auc,roc_auc
model,sklearn,statsmodels,sklearn,statsmodels
stimulus_target,,,,
control_Aesthetic_Appeal,0.19180308398246837,0.13568455666962898,0.6665992584410275,0.5500158790947574
control_Creativity,0.16434694050751086,0.1295967345704675,0.698871601888139,0.5051606369858183
control_Moved,0.16984954493484117,0.11803283920279573,0.6236719271116052,0.5371994878579223
control_Originality,0.14446719797641316,0.13214874519142683,0.6719572943625925,0.4877397544363314
control_Vivid_Imagery,0.10694795422925119,0.06496459275750188,0.629617245186209,0.5325880041436574
haiku_Aesthetic_Appeal,0.08707080350039786,0.040588654165677585,0.6316437784257618,0.5622142750136039
haiku_Creativity,0.09581061859186846,0.03508932351198024,0.6455052814980556,0.5595224225883265
haiku_Moved,0.0879136312842339,0.04521059201480204,0.658163854023499,0.546305767592366
haiku_Originality,0.07586115086364698,0.06316749516131281,0.6417809409126295,0.5960801330952972
haiku_Vivid_Imagery,0.08545048301242031,0.06473187909153222,0.61978472851557,0.6303405326593606
senryu_Aesthetic_Appeal,0.09602539201288551,0.03970653974598337,0.6065895822426786,0.5304499008017692
senryu_Creativity,0.064845693056655,0.057956642520802015,0.606133887685098,0.5693052986033568
senryu_Moved,0.13238550526686133,0.0391991263646686,0.6445895526569393,0.5463960682161774
senryu_Originality,0.0583176720315296,0.03766654023448035,0.6039071300169973,0.5321495421610598
senryu_Vivid_Imagery,0.0980822923855168,0.059200366444182695,0.6083709784432472,0.5774355858514281
