,0,0,0,0,0,0,0,0,0,0,0,0,0,0,0
Test,control_Aesthetic_Appeal,control_Creativity,control_Moved,control_Originality,control_Vivid_Imagery,haiku_Aesthetic_Appeal,haiku_Creativity,haiku_Moved,haiku_Originality,haiku_Vivid_Imagery,senryu_Aesthetic_Appeal,senryu_Creativity,senryu_Moved,senryu_Originality,senryu_Vivid_Imagery
Train,,,,,,,,,,,,,,,
control_Aesthetic_Appeal,0.45070790449819764,0.3238211352404239,0.31820806957545833,0.33555146062786734,0.2924001264888795,0.05500281207316737,0.044198566854044885,0.08855157420707327,0.02773938740864612,0.028522448193042393,0.07875154784424021,0.12711258555330696,0.11318144876178426,0.05451146118955985,0.06762394453266996
control_Creativity,0.0,0.0,0.0,0.0,0.0,0.0,0.0,0.0,0.0,0.0,0.0,0.0,0.0,0.0,0.0
control_Moved,0.000853718601214859,0.0024719604132438233,-0.0004458775402502724,0.002605949083889225,0.001261106334193185,0.0002935099019889531,-3.51655307466725e-05,-0.0005861231483712537,-0.00011754428179622245,9.151309030397403e-05,0.0007108627504247567,6.61873908647248e-05,0.00024386742544402207,9.588460096510154e-05,0.0
control_Originality,0.018427393355278765,0.030945421977664922,0.009175988260216705,0.03770066958265417,0.016889625508069828,0.002875036175545742,-0.005307642867509399,-0.005472073417877477,-0.0041897216754656075,-0.004309380049957845,-0.006685981174529676,-0.001868401918103224,0.0009638241215821353,-0.005191763919070169,-0.006395482753255077
control_Vivid_Imagery,0.0,0.0,0.0,0.0,0.0,0.0,0.0,0.0,0.0,0.0,0.0,0.0,0.0,0.0,0.0
haiku_Aesthetic_Appeal,-0.0070736750462510045,0.007007281994497516,-0.005497679736159888,0.00400622811454987,-0.023214371718923266,0.005701172505288787,0.0005351718058901334,-0.0019354973425058652,0.002065561799617588,-0.03852353612373882,-0.0010874679772048257,0.01600882920707991,0.002996636308778333,0.004550556021063801,-0.022464726178325067
haiku_Creativity,0.0036301593639959107,0.0007465180052316223,-0.0011933050903609743,-0.0007489504838615879,0.012030219912420037,0.0043896112533668985,0.005087335212864863,0.006000875127622818,0.009058929023061157,0.012906195968056311,0.003474203723794478,0.003504209372581335,0.0034594045123561568,0.0005077875346916061,0.014542750315024056
haiku_Moved,0.0,0.0,0.0,0.0,0.0,0.0,0.0,0.0,0.0,0.0,0.0,0.0,0.0,0.0,0.0
haiku_Originality,0.007690335811330384,0.0018399774253845536,0.00278911954064176,0.0037154855322052427,0.008900498234411969,0.02888114201379166,0.018419358384498263,0.018178181343046496,0.02669920863841435,0.012874824126633877,0.017750179405691235,0.01796434178110784,0.0036804227828373115,0.01797053566355944,0.015432244275768725
haiku_Vivid_Imagery,0.029276323638185553,0.008496653162061496,0.021940128659886815,0.012584215032774404,0.06502871729419268,0.3243032752378546,0.24831046212114416,0.27596901178781363,0.2502417958896773,0.5578499394702177,0.08011257750145262,0.07069343959904084,0.059566021538134506,0.11270635636867488,0.1517094089300861
senryu_Aesthetic_Appeal,0.0,0.0,0.0,0.0,0.0,0.0,0.0,0.0,0.0,0.0,0.0,0.0,0.0,0.0,0.0
senryu_Creativity,0.0,0.0,0.0,0.0,0.0,0.0,0.0,0.0,0.0,0.0,0.0,0.0,0.0,0.0,0.0
senryu_Moved,0.0,0.0,0.0,0.0,0.0,0.0,0.0,0.0,0.0,0.0,0.0,0.0,0.0,0.0,0.0
senryu_Originality,0.0,0.0,0.0,0.0,0.0,0.0,0.0,0.0,0.0,0.0,0.0,0.0,0.0,0.0,0.0
senryu_Vivid_Imagery,0.028463426330785024,0.01429409648358193,0.023267715310218873,0.018723420389128553,-0.008551367041933045,0.02728529480025421,0.011686287026011821,-0.0030324139445856435,0.03219724575268568,0.038000214825335,0.034088442601414304,0.06120606124375161,0.017896785696482675,0.04473477955892924,0.06423211605802892
