stimulus,target,lgb_sklearn_common,lgb_sm_common,sklearn_sm_common,all_common,common_features
control,Aesthetic_Appeal,0,3,0,0,[]
control,Creativity,1,4,0,0,[]
control,Moved,3,0,0,0,[]
control,Originality,1,0,0,0,[]
control,Vivid_Imagery,2,3,1,1,['CL1_0 5_lower gamma']
haiku,Aesthetic_Appeal,1,2,1,0,[]
haiku,Creativity,1,3,0,0,[]
haiku,Moved,0,2,0,0,[]
haiku,Originality,1,3,0,0,[]
haiku,Vivid_Imagery,0,2,3,0,[]
senryu,Aesthetic_Appeal,2,3,2,1,['CL1_4 0_beta']
senryu,Creativity,1,4,1,0,[]
senryu,Moved,0,2,0,0,[]
senryu,Originality,2,1,0,0,[]
senryu,Vivid_Imagery,0,2,0,0,[]
